city,population
Екатеринбург,1455904.0
Самара,1169719.0
Ростов-на-Дону,1125299.0
Набережные Челны,529797.0
Волгоград,1015586.0
Чистополь,60564.0
Нижний Новгород,1264075.0
Пермь,1048005.0
Оренбург,564443.0
Ханты-Мансийск,98692.0
Заводоуковск,26006.0
Туймазы,68410.0
Казань,1243500.0
Краснодар,881476.0
Новосибирск,1602915.0
Москаленки,9271.0
Белгород,391135.0
Бердск,103290.0
Магнитогорск,418241.0
Воронеж,1039801.0
Тольятти,710567.0
Новокузнецк,552445.0
Саратов,845300.0
Аксай,38386.0
Армавир,190709.0
Владимир,356168.0
Гвардейск,13186.0
Челябинск,1198858.0
Пойковский,26436.0
Красноярск,1082933.0
Сочи,429070.0
Шахты,235492.0
Стерлитамак,280233.0
Ярославль,608079.0
Ростов,31039.0
Зеленодольск,99235.0
Калининград,467289.0
Нижневартовск,274575.0
Нижнекамск,237250.0
Муром,109809.0
Тюмень,744554.0
Канск,90231.0
Ижевск,646277.0
Энгельс,225752.0
Бийск,201914.0
Братск,231602.0
Иркутск,623736.0
Сургут,360590.0
Омск,1178391.0
Петровская,111775.0
Минусинск,68410.0
Каневская,44386.0
Волжский,326055.0
Уфа,1115560.0
Минеральные Воды,74758.0
Юрга,81733.0
Гусев,28257.0
Калач-на-Дону,24237.0
Ачинск,105264.0
Краснокамск,53864.0
Арамиль,15162.0
Нефтеюганск,126157.0
Ковров,138552.0
Сосновское,1087.0
Дивное,13129.0
Троицк,75231.0
Альметьевск,154262.0
Кимовск,26093.0
Тайшет,33364.0
Ильский,25502.0
Миллерово,35540.0
Давыдовка,5059.0
Гуково,66332.0
Кумылженская,7953.0
Октябрьское,113929.0
Грайворон,6404.0
Барнаул,632372.0
Мегион,48283.0
Рубцовск,144128.0
Первоуральск,124447.0
Глазов,93628.0
Искитим,57032.0
Тула,485221.0
Славянск-на-Кубани,66285.0
Салават,153181.0
Нижний Тагил,355693.0
Михайловка,58407.0
Кемерово,556920.0
Каменск-Шахтинский,89657.0
Азнакаево,34863.0
Верхняя Пышма,69117.0
Новороссийск,334506.0
Кисловодск,129593.0
Марьяновка,1735.0
Кунгур,66157.0
Новочеркасск,168766.0
Арзамас,104547.0
Старый Оскол,223360.0
Каменск-Уральский,169929.0
Ессентуки,108679.0
Рыбинск,190429.0
Березники,145115.0
Балаково,191260.0
Похвистнево,28223.0
Дзержинск,231797.0
Серов,97762.0
Переславль-Залесский,39105.0
Камышин,111775.0
Верхний Уфалей,27879.0
Гусь-Хрустальный,55421.0
Советск,1264075.0
Губкин,86999.0
Георгиевск,67714.0
Богородск,34388.0
Володарск,10021.0
Целина,1035537.0
Невьянск,23348.0
Сызрань,173260.0
Горячий Ключ,37475.0
Усть-Илимск,82455.0
Геленджик,76830.0
Донское,63842.0
Анапа,75865.0
Мелеуз,58536.0
Бузулук,86316.0
Ставрополь,433577.0
Копейск,147573.0
Тбилисская,25317.0
Абинск,38176.0
Кореновск,42019.0
Новомосковск,125647.0
Златоуст,167978.0
Карталы,28577.0
Азов,81335.0
Ангарск,226374.0
Новоалтайск,73439.0
Козулька,7833.0
Бугульма,85476.0
Котово,22450.0
Бисерть,9626.0
Якшур-Бодья,7211.0
Дюртюли,30858.0
Таганрог,250287.0
Норильск,178018.0
Соликамск,94628.0
Суворовская,1048005.0
Тобольск,98886.0
Воткинск,98063.0
Новотроицк,95139.0
Суксун,8127.0
Семенов,24536.0
Полазна,13021.0
Анжеро-Судженск,71787.0
Шелехов,47608.0
Волгодонск,171471.0
Нефтекамск,126805.0
Чебаркуль,39914.0
Летняя Ставка,4437.0
Строитель,24526.0
Невинномысск,117446.0
Углич,32146.0
Железногорск,100671.0
Миасс,151856.0
Тоцкое,6898.0
Маркс,31788.0
Алексин,58329.0
Красный Сулин,38567.0
Елабуга,73817.0
Кстово,67723.0
Изобильный,38100.0
Варениковская,14881.0
Октябрьский,113929.0
Чекмагуш,11382.0
Выкса,53406.0
Городец,30696.0
Новокуйбышевск,102933.0
Талнах,47307.0
Валуйки,34679.0
Катав-Ивановск,16088.0
Асбест,64666.0
Бор,78385.0
Белокуриха,15179.0
Губаха,20289.0
Монетный,5633.0
Ишимбай,65422.0
Гороховец,12948.0
Мыски,41628.0
Ишим,65259.0
Чапаевск,72944.0
Урай,40559.0
Иноземцево кп,52414.0
Пятигорск,145885.0
Калачинск,22781.0
Карасук,27196.0
Архипо-Осиповка,7853.0
Прокопьевск,196406.0
Темрюк,40755.0
Егорлыкская,17660.0
Ейск,83665.0
Гурьевск,23089.0
Петушки,13382.0
Щекино,58088.0
Сухобузимское,4293.0
Черноморский,59724.0
Сорочинск,27912.0
Вольск,63947.0
Курумоч,6697.0
Тихорецк,58352.0
Павлово,58163.0
Грушевская,235492.0
Белово,72843.0
Лениногорск,63049.0
Шебекино,42465.0
Белая Калитва,40831.0
Усолье-Сибирское,77989.0
Борисоглебск,62669.0
Саянск,38897.0
Гулькевичи,34236.0
Сосновоборск,68045.0
Балашов,77391.0
Крымск,57229.0
Южноуральск,37801.0
Кыштым,37480.0
Лобаново,4280.0
Урюпинск,38267.0
Михайловск,90698.0
Александров,59328.0
Шипуново,155.0
Левокумское,9713.0
Ильинская,1264075.0
Междуреченск,97895.0
Усть-Лабинск,40687.0
Мензелинск,17153.0
Лысьва,62592.0
Оса,21072.0
Ершов,19993.0
Киселевск,90980.0
Киреевск,24642.0
Ревда,62632.0
Орск,234408.0
Полевской,62259.0
Узловая,51922.0
Россошь,62884.0
Ленинск-Кузнецкий,96921.0
Кольчугино,43543.0
Лесной,49149.0
Краснотурьинск,57514.0
Саянский,4004.0
Алексеевка,38447.0
Юрюзань,11685.0
Заволжье,38527.0
Нефтекумск,64589.0
Новокорсунская,4945.0
Голышманово,14336.0
Безопасное,1264075.0
Зверево,19456.0
Чайковский,83486.0
Гагино,1039801.0
Северская,107498.0
Белорецк,65801.0
Багратионовск,6409.0
Новошахтинск,108782.0
Клетская,5323.0
Лиски,54184.0
Ирбит,37443.0
Ахтырский,21067.0
Кумертау,60807.0
Можга,49617.0
Рефтинский,16201.0
Туапсе,62269.0
Венев,14211.0
Назарово,50397.0
Сарапул,97910.0
Югорск,37150.0
Лянтор,39841.0
Новоуральск,81577.0
Красные Баки,7818.0
Батайск,124705.0
Киржач,27157.0
Кудымкар,31265.0
Тара,28116.0
Лабинск,60164.0
Юрьев-Польский,18610.0
Усть-Кут,42272.0
Аша,29946.0
Будённовск,62495.0
Ефремов,35505.0
Фролово,37377.0
Медведовская,16793.0
Гремячинск,9000.0
Коркино,34967.0
Добрянка,33083.0
Белебей,59123.0
Каратузское,7456.0
Артемовский,30933.0
Первомайск,66758.0
Ипатово,24021.0
Мостовской,24975.0
Плавск,15870.0
Барабинск,29122.0
Чунский,14135.0
Карабаново,14817.0
Балахна,49364.0
Бутурлиновка,24670.0
Снежинск,50759.0
Собинка,18059.0
Отрадный,47542.0
Зима,31229.0
Кировград,19712.0
Курганинск,48689.0
Калач,19035.0
Чернушка,33010.0
Брюховецкая,22139.0
Новодмитриевская,5244.0
Семикаракорск,22118.0
Советский,1264075.0
Саров,95065.0
Лесосибирск,59642.0
Менделеевск,22203.0
Табуны,3857.0
Агаповка,6561.0
Сальск,58179.0
Пионерский,11352.0
Арзгир,14722.0
Морозовск,25467.0
Осинники,43008.0
Белоярский,20142.0
Нижняя Салда,42733.0
Донецк,922137.0
Черняховск,36423.0
Петровск,592976.0
Заинск,40635.0
Пыть-Ях,40798.0
Шахунья,36216.0
Старотитаровская,12968.0
Кагальницкая,6831.0
Камень-на-Оби,41315.0
Дегтярск,16141.0
Хвалынск,12556.0
Боголюбово,4494.0
Верхний Услон,102.0
Пугачев,41056.0
Дудинка,21513.0
Шарыпово,37169.0
Шаркан,6523.0
Староминская,29809.0
Соль-Илецк,27189.0
Новоминская,11971.0
Калининская,419898.0
Нурлат,32954.0
Балтийск,33181.0
Пошехонье,5867.0
Кормиловка,9783.0
Ставрово,7458.0
Апшеронск,40016.0
Богданович,29311.0
Хомутово,8184.0
Натухаевская,6922.0
Нижняя Тура,20217.0
Железноводск,24912.0
Сатка,42214.0
Чкаловск,29800.0
Янаул,25747.0
Хадыженск,22468.0
Подгоренский,24674.0
Зирган,4125.0
Красный Кут,14718.0
Большая Черниговка,17790.0
Лангепас,43534.0
Радужный,18535.0
Ртищево,39390.0
Полысаево,26510.0
Светлогорск,67453.0
Тальменка,19157.0
Суздаль,9749.0
Миньяр,9342.0
Безенчук,22618.0
Камбарка,10477.0
Анапская,16107.0
Новосемейкино,9941.0
Маслова Пристань,6048.0
Приобье,6783.0
Калининск,15841.0
Воротынец,6154.0
Данилов,14868.0
Болгар,8571.0
Зеленокумск,37186.0
Александровское,748984.0
Нягань,57765.0
Шиханы,5665.0
Черемхово,51230.0
Арск,20419.0
Ижморский,11148.0
Верхние Татышлы,6645.0
Тогучин,21159.0
Ольховка,5401.0
Среднеуральск,22896.0
Заречный,64982.0
Урень,12385.0
Вешенская,9261.0
Алапаевск,37653.0
Навашино,15051.0
Белореченск,52082.0
Камышла,26538.0
Славгород,29916.0
Ялуторовск,39837.0
Воронежская,1039801.0
Покров,17308.0
Аксубаево,9905.0
Бугуруслан,49585.0
Ивантеевка,76612.0
Пестрецы,8102.0
Култук,3715.0
Куйбышев,44246.0
Игрим,7477.0
Орловский,318633.0
Буинск,20905.0
Реж,37420.0
Кулебаки,32943.0
Новоалександровск,26997.0
Кинель,35321.0
Лакинск,14568.0
Учалы,37715.0
Тоншаево,5279.0
Меленки,14013.0
Ардатов,8734.0
Новокубанск,35287.0
Муслюмово,464.0
Пречистое,4692.0
Тавда,33666.0
Ессентукская,20166.0
Платнировская,273278.0
Байкальск,12738.0
Пласт,17648.0
Североуральск,26543.0
Тутаев,40441.0
Серафимовский,9813.0
Тюльган,9189.0
Красногорский,245925.0
Промышленная,17821.0
Хохольский,7575.0
Буздяк,10323.0
Зерноград,24886.0
Когалым,64704.0
Малояз,131.0
Полтавка,1937.0
Нижнеудинск,33954.0
Вязники,36635.0
Елизаветинская,357449.0
Красноуфимск,38731.0
Красноармейск,48.0
Черемшан,6596.0
Лермонтов,22612.0
Жигулевск,54343.0
Плотниково,5.0
Чердынь,4687.0
Топки,27963.0
Супсех,6669.0
Новопокровская,1264075.0
Зауральский,7525.0
Советская,1264075.0
Куркино,32325.0
Усть-Катав,22536.0
Бутурлино,1264075.0
Любинский,10435.0
Камышлов,26538.0
Касли,16263.0
Вача,5283.0
Аткарск,25384.0
Выселки,2544.0
Красноярка,97762.0
Некрасовское,5897.0
Тугулым,5738.0
Острогожск,32714.0
Чалтырь,15334.0
Чишмы,22408.0
Сарманово,529797.0
Панино,6129.0
Майкор,2993.0
Пролетарск,19290.0
Сухой Лог,34018.0
Полтавская,26520.0
Сузун,15491.0
Талинка,3559.0
Мариинск,15604.0
Новоузенск,15929.0
Тимашевск,51925.0
Светлоград,36358.0
Рудня,9484.0
Псебай,10533.0
Чернянка,14909.0
Аскарово,7634.0
Колывань,12429.0
Шушенское,17142.0
Кувандык,24131.0
Богатые Сабы,8670.0
Новобатайск,5340.0
Кушва,28409.0
Сибай,61054.0
Верещагино,22194.0
Прохоровка,9081.0
Воскресенское,935.0
Спицевка,3478.0
Джубга кп,881476.0
Междуреченский,97895.0
Излучинск,19597.0
Афипский,21499.0
Красный Яр,12214.0
Дивногорск,29117.0
Бреды,9468.0
Сива,4659.0
Кугульта,6787.0
Нововоронеж,31607.0
Переправная,3261.0
Решетиха,6750.0
Мелиховская,3593.0
Нехаевская,4679.0
Белый Яр,8156.0
Боровский,78385.0
Алейск,28972.0
Верхняя Тура,9128.0
Свирск,13110.0
Лукоянов,14136.0
Боргустанская,3990.0
Вихоревка,21279.0
Высокая Гора,9589.0
Давлеканово,23774.0
Камешково,12711.0
Апастово,5340.0
Иглино,16811.0
Ровеньки,10824.0
Качканар,39338.0
Новомихайловский кп,3913.0
Поворино,17095.0
Очер,14240.0
Благовещенск,225091.0
Чик,63.0
Слюдянка,18241.0
Батуринская,3264.0
Чусовой,45291.0
Павлоградка,7154.0
Заокский,6709.0
Рыздвяный,7489.0
Жирновск,15872.0
Верхнеуральск,9312.0
Отказное,61183.0
Трехгорный,32355.0
Северо-Задонск,17249.0
Анастасиевская,10569.0
Тяжинский,10121.0
Струнино,13281.0
Абатское,17258.0
Новоаннинский,16444.0
Болотное,15629.0
Заринск,46597.0
Алтайское,63214.0
Нижнесортымский,12485.0
Нижние Вязовые,7944.0
Новодеревянковская,6795.0
Емельяново,58.0
Городище,322042.0
Отрадная,25344.0
Ельцовка,2896.0
Новомышастовская,10032.0
Мышкин,5738.0
Староуткинск,3068.0
Караидель,5980.0
Суровикино,18954.0
Красногвардейское,1301.0
Благодарный,31100.0
Суходол,13459.0
Белая Глина,16870.0
Приморско-Ахтарск,32048.0
Лысково,21293.0
Большой Луг,5366.0
Кинель-Черкассы,17252.0
Динская,34848.0
Ужур,15568.0
Волоконовка,10760.0
Приютово,19653.0
Топчиха,8906.0
Заветное,6633.0
Таштагол,23107.0
Ирбейское,15624.0
Поспелиха,11915.0
Старощербиновская,35686.0
Новый Оскол,18856.0
Березовка,9.0
Казанская,1243500.0
Починки,11891.0
Богородицк,31263.0
Зольская,11013.0
Суворов,17506.0
Усть-Донецкий,11256.0
Чертково,10662.0
Калтан,20947.0
Абдулино,19222.0
Нытва,18804.0
Бирск,46330.0
Цимлянск,14558.0
Межозерный,6976.0
Ува,20553.0
Сергач,20416.0
Качуг,6950.0
Перевоз,9127.0
Карабаш,11178.0
Ермекеево,3937.0
Киргиз-Мияки,25620.0
Заозерный,10286.0
Донской,63842.0
Большой Исток,7281.0
Горняк,12972.0
Верхний Мамон,8561.0
Костерево,8340.0
Большеречье,10427.0
Федоровский,1264075.0
Упорово,6417.0
Ясногорск,7076.0
Сокольское,78385.0
Яр,6486.0
Ливенка,27.0
Новотитаровская,24754.0
Кулешовка,13692.0
Красносельский,48474.0
Красноуральск,23142.0
Верхняя Хава,8154.0
Уяр,12074.0
Зимовники,18070.0
Ольховатка,3416.0
Тулун,41671.0
Горнозаводск,11477.0
Нижняя Тавда,6846.0
Судогда,10527.0
Эртиль,10410.0
Солдато-Александровское,9516.0
Увельский,10500.0
Тетюши,11337.0
Карпинск,26957.0
Черлак,10472.0
Аргаяш,41150.0
Григорополисская,10284.0
Муромцево,10350.0
Куйбышево,1169719.0
Песчанокопское,10593.0
Еткуль,6740.0
Прибрежный,115.0
Татарск,23956.0
Ребриха,8182.0
Дальнее Константиново,4133.0
Месягутово,38731.0
Яровое,18092.0
Колодезный,5736.0
Кизильское,6651.0
Чернь,78385.0
Константиновск,17317.0
Беляевка,12047.0
Зеленоградск,15493.0
Ивдель,16090.0
Бриньковская,5109.0
Краснозерское,9216.0
Иланский,15013.0
Крыловская,35604.0
Вольгинский,5876.0
Исилькуль,23151.0
Залари,9576.0
Шерегеш,10109.0
Куса,17368.0
Серафимович,8987.0
Палласовка,340000.0
Борисовка,78385.0
Короча,5888.0
Куйтун,9487.0
Кочубеевское,25679.0
Дубна,75144.0
Долгодеревенское,7700.0
Новопавловск,26238.0
Курсавка,11215.0
Куеда,10209.0
Хабары,5141.0
Коченево,16956.0
Средний Икорец,49.0
Рязанская,537622.0
Седельниково,1965.0
Еманжелинск,29077.0
Кизел,15572.0
Павловск,25047.0
Новый Рогачик,6992.0
Гаврилов-Ям,17351.0
Железногорск-Илимский,23643.0
Бавлы,22258.0
Кизнер,9805.0
Новая Усмань,19958.0
Сенной,1264075.0
Верхнерусское,24.0
Самарское,1169719.0
Александровск,748984.0
Мальчевская,3431.0
Линево,18468.0
Медногорск,25610.0
Краснознаменск,41769.0
Ермаковское,8557.0
Багаевская,15459.0
Уруссу,10570.0
Болохово,9093.0
Новичиха,4451.0
Балашейка,2786.0
Витязево,7936.0
Бородино,16249.0
Боготол,20245.0
Омутинское,18658.0
Новосмолинский,5587.0
Актюбинский,417471.0
Енисейск,17999.0
Курская,449063.0
Кез,10911.0
Гай,35255.0
Кунашак,29507.0
Богучар,11295.0
Ладожская,14828.0
Азово,433577.0
Таловая,11485.0
Голубицкая,5570.0
Талица,15874.0
Инской,12099.0
Ракитное,10504.0
Солнечнодольск,11707.0
Ордынское,9727.0
Завьялово,9243.0
Ермолаево,439.0
Холмская,27954.0
Тимирязевский,12506468.0
Большое Мурашкино,5080.0
Мамонтово,8652.0
Яйва,9996.0
Новоукраинское,5768.0
Двуреченск,4935.0
Челно-Вершины,6019.0
Тамань,10027.0
Агидель,15281.0
Котельниково,20381.0
Ильинский,1264075.0
Иловля,11418.0
Бодайбо,13104.0
Дивеево,6408.0
Знаменск,26934.0
Ковернино,6869.0
Кантемировка,11060.0
Саракташ,39735.0
Балтаси,8241.0
Исянгулово,7418.0
Ахтарский,32048.0
Пестравка,6500.0
Канеловская,4305.0
Алнаши,5964.0
Тарасовский,9017.0
Красная Яруга,8168.0
Сысерть,20962.0
Тайга,24183.0
Томаровка,7914.0
Барда,385.0
Фастовецкая,8573.0
Лаишево,8518.0
Алексеевское,53678.0
Бобров,20605.0
Залесово,7370.0
Шепси,429070.0
Исетское,7479.0
Актаныш,1115560.0
Терновка,5030.0
Вишневогорск,4219.0
Васюринская,13339.0
Туринск,17316.0
Миасское,151856.0
Ясный,15675.0
Малая Пурга,7768.0
Старовеличковская,13459.0
Елань,53.0
Богандинский,10348.0
Оханск,7072.0
Баймак,17529.0
Урожайное,421.0
Черепаново,19612.0
Борское,78385.0
Семилуки,26797.0
Камские Поляны,15399.0
Красноусольский,11991.0
Кротовка,1617.0
Большая Глушица,9667.0
Бердюжье,10836.0
Вейделевка,6431.0
Пономарёвка,1852.0
Курлово,6141.0
Светлый Яр,11749.0
Переволоцкий,26854.0
Косиха,16199.0
Пластуновская,143448.0
Ростовка,5518.0
Виноградный,3354.0
Малиновое Озеро,3090.0
Правдинск,4171.0
Васильково,78385.0
Бородинский,6071.0
Николаевск,18636.0
Каракулино,4724.0
Мегет,8918.0
Кузино,2854.0
Яя,10810.0
Шаранга,6692.0
Красная Поляна,4789.0
Новотроицкая,95139.0
Тацинская,9533.0
Петра Дубрава,6998.0
Бакал,19590.0
Новониколаевский,21118.0
Обильное,406933.0
Агрыз,19704.0
Каширское,4342.0
Митрофановка,1226.0
Винзили,12989.0
Верхние Киги,17235.0
Нежинка,1253.0
Крутинка,6878.0
Новосергиевка,13737.0
Старое Дрожжаное,3210.0
Яшкино,13884.0
Полесск,7041.0
Краснокаменск,52811.0
Шелаболиха,3780.0
Большое Козино,7237.0
Култаево,7562.0
Рыбная Слобода,7787.0
Варна,366762.0
Береславка,139.0
Уйское,15130.0
Ивановская,406933.0
Средняя Ахтуба,14477.0
Первомайское,4469.0
Ключи,4655.0
Октябрьск,113929.0
Шатки,8796.0
Большая Мартыновка,6158.0
Русская Поляна,32817.0
Новоаганск,9658.0
Бураево,9522.0
Аркадак,11986.0
Кривянская,10423.0
Верхотурье,8651.0
Ладушкин,4007.0
Стародеревянковская,12998.0
Белоярск,20142.0
Называевск,11249.0
Грибановский,15040.0
Кутулик,4870.0
Старомышастовская,10610.0
Краснощеково,4848.0
Тисуль,7801.0
Грамотеино,12408.0
Пролетарский,19290.0
Арья,43777.0
Змеиногорск,10575.0
Верхняя Салда,42733.0
Трудобеликовский,9393.0
Новая Игирма,9496.0
Приморск,606589.0
Новый Городок,30696.0
Уразово,6931.0
Грачевка,140.0
Кукмор,17700.0
Николо-Павловское,5042.0
Сюмси,12343.0
Агинское,17943.0
Кабардинка,7550.0
Усть-Уда,5144.0
Ивня,7403.0
Осиново,2240.0
Мамадыш,15699.0
Дубовка,14165.0
Большая Мурта,7888.0
Криводановка,10051.0
Ерзовка,6377.0
Красная Горбатка,8113.0
Балакирево,9631.0
Вавож,5721.0
Белореченский,52082.0
Кашары,6529.0
Мошково,9856.0
Хрящевка,3544.0
Новый Некоуз,14489.0
Волчанск,8885.0
Одесское,1010783.0
Ветлуга,8501.0
Осинки,78385.0
Усть-Чарышская Пристань,4809.0
Новоселицкое,8643.0
Авдон,5263.0
Мамоново,8056.0
Кандры,10885.0
Полетаево,6500.0
Салаир,7589.0
Межгорье,15861.0
Краснооктябрьский,147114.0
Арти,106692.0
Должанская,7019.0
Юргинское,81733.0
Домбаровский,14902.0
Кодинск,16312.0
Петров Вал,12177.0
Камское Устье,4427.0
Новогуровский,3447.0
Небуг,3972.0
Мирный,32175.0
Атиг,3184.0
Новолуговое,4104.0
Матвеев-Курган,15489.0
Покачи,17905.0
Новохоперск,6188.0
Бачатский,14028.0
Селты,5204.0
Красногорское,345.0
Сеченово,7200.0
Старобалтачево,5598.0
Саргатское,8028.0
Репьевка,171.0
Чесма,6334.0
Курчанская,6600.0
Новоджерелиевская,5020.0
Краснообск,23768.0
Юсьва,733.0
Тоцкое Второе,1445.0
Пшехская,5064.0
Одоев,5559.0
Нововаршавка,6093.0
Сосьва,19.0
Уинское,10647.0
Пятигорский,145885.0
Кильмезь,5636.0
Черноисточинск,3814.0
Адамовка,23787.0
Казьминское,5676.0
Киясово,243.0
Старонижестеблиевская,10260.0
Рамонь,8404.0
Мысхако,7954.0
Балезино,14772.0
Юганец,2735.0
Головчино,6404.0
Боковская,4832.0
Волово,3427.0
Шербакуль,6595.0
Боровиха,7507.0
Раздольная,3181.0
Ярково,419898.0
Тургояк,151856.0
Крапивинский,23229.0
Краснослободск,18786.0
Ольгинская,4934.0
Вознесенское,406933.0
Кармаскалы,8540.0
Спасское,1264075.0
Канашево,3246.0
Труновское,6121.0
Тельма,5072.0
Ильиногорск,4610.0
Ворсма,10589.0
Тимашево,5651.0
Бакалы,9568.0
Верх-Чебула,14460.0
Быково,78385.0
Чулым,11270.0
Смоленская,330025.0
Сим,13170.0
Бижбуляк,6446.0
Юца,9427.0
Никологоры,4977.0
Усть-Кинельский,11384.0
Сумкино,3531.0
Асекеево,5201.0
Здвинск,5402.0
Карагай,6682.0
Спокойная,5458.0
Смышляевка,9193.0
Целинное,1035537.0
Толбазы,10114.0
Еланский,30222.0
Кондратово,1169719.0
Архангельское,351488.0
Девица,1264075.0
Некрасовская,5897.0
Липки,8976.0
Борисоглебский,62669.0
Хохол,4512.0
Вышестеблиевская,3779.0
Темиргоевская,7462.0
Мраково,8690.0
Шигоны,1913.0
Солтон,2591.0
Благовещенка,11577.0
Каргат,9519.0
Бирюсинск,8477.0
Верхнеяркеево,9384.0
Кисляковская,5145.0
Кулунда,14498.0
Сергиевск,8661.0
Нязепетровск,11752.0
Октябрьская,113929.0
Новоорск,11295.0
Городищи,322042.0
Преображенская,1264075.0
Усть-Ишим,4802.0
Пелагиада,433577.0
Маньково-Калитвенское,33759.0
Попутная,5809.0
Бобровский,50518.0
Новолеушковская,6462.0
Юго-Камский,8019.0
Бессоновка,11408.0
Сладково,3303.0
Дубовское,1007.0
Верхнее Дуброво,5078.0
Сибирский,1602915.0
Гостагаевская,9772.0
Прибельский,1115560.0
Нижние Серги,1264075.0
Большегривское,22924.0
Купино,13781.0
Питерка,5439.0
Сокольники,60834.0
Арсеньево,341.0
Усть-Ордынский,14557.0
Новоплатнировская,3369.0
Новоблагодарное,3263.0
Новоомский,4946.0
Акъяр,6941.0
Княгинино,7062.0
Тевриз,6893.0
Ладовская Балка,4333.0
Алзамай,6040.0
Дуван,3669.0
Акбулак,1035537.0
Оверята,5109.0
Шолоховский,7588.0
Новобирюсинский,74188.0
Славск,4145.0
Аромашево,5373.0
Подбельск,3417.0
Калниболотская,5722.0
Пильна,6849.0
Каменка,36566.0
Кавказская,433577.0
Марьянская,11887.0
Елово,5334.0
Гривенская,104868.0
Дружинино,3639.0
Милютинская,2518.0
Зудилово,4025.0
Бохан,5132.0
Брейтово,3308.0
Новоуткинск,5360.0
Хреновое,999.0
Татарка,720.0
Нововеличковская,9169.0
Мундыбаш,4577.0
Шкуринская,4597.0
Петровское,13500.0
Краснотуранск,5478.0
Грицовский,5877.0
Краснокумское,17451.0
Чистоозерное,5628.0
Байкалово,5789.0
Краснобродский,11715.0
Усолье,77989.0
Благодатное,222.0
Стройкерамика,7682.0
Венцы,3891.0
Дубовый Умет,93388.0
Бердяуш,5018.0
Большая Орловка,4967401012015.0
Бродокалмак,3046.0
Грачёвка,270.0
Бесскорбная,5892.0
Комсомольский,248254.0
Соломенское,2415.0
Юмагузино,1115560.0
Алкино-2,5383.0
Саратовская,845300.0
Тюкалинск,10326.0
Покровское,1264075.0
Кытманово,3798.0
Семибратово,6770.0
Юкаменское,3940.0
Пышма,69117.0
Обь,29194.0
Баранчинский,9461.0
Балахта,6490.0
Латная,7379.0
Краснохолмский,10386.0
Сростки,2769.0
Антипино,1412.0
Советское,1264075.0
Обливская,9908.0
Абрау-Дюрсо,3519.0
Салым,6554.0
Московский,50167.0
Большое Село,3818.0
Большое Болдино,5074.0
Ачит,4937.0
Фершампенуаз,4368.0
Даниловка,4718.0
Зеленогорский,1877.0
Тасеево,8038.0
Петропавловская,180454.0
Кирпильская,5179.0
Большая Джалга,3038.0
Красногвардеец,1611.0
Новые Зори,3299.0
Викулово,6995.0
Субханкулово,68410.0
Мишкино,6021.0
Правокумское,1399.0
Большое Сорокино,1264075.0
Новониколаевская,1331.0
Новый Буян,3499.0
Атаманская,3952.0
Переясловская,8424.0
Тирлянский,4062.0
Старолеушковская,5251.0
Баево,4188.0
Малиновка,120.0
Старомарьевка,6044.0
Шарлык,7575.0
Буланаш,12504.0
Кагальник,8116.0
Дорогино,3834.0
Казанское,1243500.0
Отрадное,25344.0
Большая Соснова,78385.0
Клявлино,6967.0
Горьковское,231797.0
Нижнебаканская,8277.0
Роговатое,3001.0
Горноуральский,3503.0
Озинки,8717.0
Владимирская,356168.0
Венгерово,6928.0
Гофицкое,4926.0
Елховка,3268.0
Балаганск,3909.0
Родниковская,24662.0
Новая Ляля,11947.0
Карагайлинский,90980.0
Горный,63214.0
Бавлены,22258.0
Ивановское,1796.0
Брусянский,3513.0
Бурлацкое,68.0
Садовый,78385.0
Цибанобалка,5370.0
Верхняя Тишанка,3250.0
Верхняя Синячиха,9795.0
Лог,34018.0
Антиповка,2724.0
Верх-Ирмень,3123.0
Уват,5031.0
Ташла,815.0
Юрла,4874.0
Кукуштан,5305.0
Гамово,172.0
Аскино,6918.0
Новошешминск,13386.0
Чернуха,4002.0
Большая Ирба,37443.0
Свободный,53678.0
Новочернореченский,3823.0
Верхний Тагил,11171.0
Фоки,845300.0
Каз,1035537.0
Кушнаренково,9870.0
Красные Ткачи,4235.0
Арпачин,1527.0
Саваслейка,2686.0
Плешаново,19224.0
Зыково,78385.0
Привольное,23.0
Дядьковская,4377.0
Филимоново,2900.0
Козловка,9058.0
Галюгаевская,2679.0
Подстепки,9944.0
Шентала,6613.0
Большой Лог,4336.0
Аксаково,636.0
Ремонтное,6704.0
Темижбекская,5778.0
Верхние Серги,5771.0
Дивноморское,6358.0
Верх-Нейвинский,5105.0
Идринское,5135.0
Затеречный,72149.0
Великовечное,5812.0
Шалинское,3932.0
Русский Акташ,4249.0
Скородное,3622.0
Еланцы,9655.0
Ясногорский,29577.0
Ачикулак,64589.0
Крутиха,3684.0
Новогорный,6733.0
Оконешниково,4825.0
Обшаровка,5908.0
Шедок,2883.0
Новый Егорлык,3261.0
Зилаир,5585.0
Стерлибашево,18207.0
Дебёсы,5778.0
Большой Улуй,3340.0
Лысогорская,11198.0
Кудряшовский,10051.0
Ясенская,4751.0
Барсуковская,4712.0
Коржевский,4125.0
Красновишерск,15587.0
Абрамовка,472.0
Хохряки,5076.0
Нины,1264075.0
Березово,1264075.0
Ленина,1264075.0
Александров Гай,9728.0
Мулино,13008.0
Развильное,273278.0
Усть-Калманка,6200.0
Агой,2662.0
Пешково,3982.0
Гремячье,3373.0
Чернышковский,15754.0
Билимбай,6044.0
Кропачево,4531.0
Базарные Матаки,5899.0
Степное Озеро,6300.0
Архангельская,351488.0
Солонешное,4349.0
Нижний Мамон,3564.0
Лесная Поляна,649.0
Исаклы,4451.0
Ревякино,20.0
Старая Полтавка,1937.0
Волчиха,78385.0
Петропавловка,7435.0
Усть-Кишерть,4617.0
Нижний Кисляй,3410.0
Покойное,8980.0
Богучаны,11232.0
Хворостянка,5161.0
Раевская,10020.0
Товарковский,7651.0
Этока,2854.0
Янтарный,5529.0
Курманаевка,4411.0
Винсады,145885.0
Чунояр,2957.0
Усть-Тарка,3819.0
Александровская,59328.0
Большие Уки,3968.0
Зюкайка,3984.0
Персиановский,15754.0
Александрия,4984387.0
Верх-Тула,6020.0
Большеустьикинское,22983.0
Илек,9760.0
Красюковская,4240.0
Величаевское,5204.0
Придонский,18300.0
Лобва,8372.0
Шемордан,17700.0
Джигинка,4361.0
Привольная,6506.0
Ждановский,5203.0
Афонино,1264075.0
Мингрельская,5112.0
Тумботино,6855.0
Гайдук,7484.0
Огаревка,2793.0
Калманка,3203.0
Новолабинская,3237.0
Памяти 13 Борцов,3078.0
Матвеевка,78385.0
Краснохолм,5806.0
Трудармейский,11715.0
Золотково,7.0
Подтесово,3928.0
Елань-Колено,53.0
Любим,5125.0
Новорождественская,6505.0
Бехтеевка,8.0
Зайково,4344.0
Рождествено,2129.0
Вахтан,4952.0
Улу-Теляк,3427.0
Серноводск,11882.0
Пелым,3953.0
Колтубановский,57.0
Большая Атня,3536.0
Перелешинский,2705.0
Магистральный,6286.0
Отрадо-Кубанское,3789.0
Удобная,5314.0
Мечетинская,24886.0
Бурла,4026.0
Горняцкий,8056.0
Успенка,1478.0
Новоегорьевское,5596.0
Калинин,419898.0
Татарская Каргала,3800.0
Старосубхангулово,4609.0
Бекешевская,108679.0
Локомотивный,8518.0
Челбасская,6930.0
Незлобная,19746.0
Тинской,3362.0
Гайны,4050.0
Станционно-Ояшинский,4893.0
Уршельский,15.0
Ветлужский,78385.0
Губская,3221.0
Новощербиновская,6190.0
Старобачаты,4382.0
Сандата,3658.0
Горное Лоо,3322.0
Дмитриевское,1264075.0
Глебовка,984.0
Коноково,7956.0
Кедровый,2034.0
Грахово,3130.0
Приупский,1108.0
Мелехово,6923.0
Лямино,4471.0
Новая Таволжанка,5324.0
Стрелица,4043.0
Тайтурка,4841.0
Армизонское,4776.0
Терновская,1243500.0
Никольское,172017.0
Жигалово,4983.0
Кыштовка,5282.0
Кузедеево,3609.0
Нижний Чир,4038.0
Павловский,64865.0
Лузино,8964.0
Железнодорожный,151985.0
Столбище,183.0
Приморка,3781.0
Подгорная,5892.0
Мстера,4153.0
Спиридоновка,464.0
Колосовка,193.0
Новобелокатай,5961.0
Большие Чапурники,3228.0
Шамары,3398.0
Пировское,3046.0
Мухтолово,4775.0
Адагум,2827.0
Соколово,78385.0
Баговская,1272.0
Большие Салы,3483.0
Ахтанизовская,3254.0
Верхнебаканский,6773.0
Эдиссия,5756.0
Бершеть,9303.0
Углянец,3658.0
Головино,1264075.0
Бутка,3077.0
Орловка,4967401012015.0
Барышево,5195.0
Итатский,3228.0
Вознесенская,406933.0
Стародубское,4324.0
Артышта,1312614.0
Новохоперский,7645.0
Чермоз,3519.0
Щелкун,2938.0
Куяново,365.0
Тонкино,4792.0
Быстрый Исток,3460.0
Новобессергеневка,86111.0
Бурмакино,2455.0
Айша,606589.0
Баган,5510.0
Маслянино,12807.0
Прасковея,10872.0
Павловка,4143.0
Нижний Ингаш,7087.0
Передовая,3922.0
Новонукутский,3408.0
Плеханово,1048005.0
Григорьевская,1295.0
Тюбук,2863.0
Землянск,3043.0
Балахоновское,4443.0
Тайжина,4812.0
Шварцевский,73125.0
Красноярский,1082933.0
Новоалексеевская,223360.0
Солуно-Дмитриевское,3183.0
Новосинеглазовский,137533.0
Староалейское,4604.0
Темясово,3529.0
Киренск,11310.0
Каясула,64589.0
Дмитриевская,1264075.0
Сотниковское,4203.0
Екатериновка,251.0
Константиновская,4008.0
Центральный,39311413.0
Сентябрьский,920.0
Горячеводский,36757.0
Двубратский,8115.0
Лесогорск,4982.0
Заплавное,3734.0
Знаменское,78385.0
Варнавино,3304.0
Тогул,7793.0
Петрокаменское,3401.0
Нижняя Мактама,10091.0
Георгиевка,731.0
Синявское,3834.0
Выездное,7779.0
Незамаевская,1102.0
Угловское,4381.0
Новоселезнево,21848.0
Темиртау,296523.0
Пожва,3131.0
Горный Щит,6299.0
Горбатов,1982.0
Дубки,1264075.0
Махнево,3108.0
Верх-Катунское,2723.0
Быстрогорский,3578.0
Бешпагир,4041.0
Высоцкое,2118.0
Темижбекский,5778.0
Мишелевка,5615.0
Чекалин,941.0
Копанская,357449.0
Новобейсугская,3428.0
Староджерелиевская,2975.0
Магнитка,4761.0
Сатис,1391.0
Ныроб,4914.0
Всеволодо-Вильва,2453.0
Панкрушиха,4941.0
Соколовское,2490.0
Новозаведенное,5057.0
Тищенское,3004.0
Тюменцево,5255.0
Тюхтет,8151.0
Старопавловская,3320.0
Перелешино,24011.0
Барсуки,966.0
Сокур,860.0
Приволжский,1264075.0
Воронцовка,354.0
Новомалороссийская,5778.0
Преградное,291687.0
Локосово,43534.0
Нежинский,3664.0
Ташара,3058.0
Виля,3613.0
Сомово,13379.0
Тыреть 1-я,3944.0
Марьинская,1419.0
Дракино,127.0
Барсово,10103.0
Сухобезводное,6009.0
Северо-Енисейский,6747.0
Гусевский,55421.0
Андрюки,2779.0
Курьи,4810.0
Довольное,6774.0
Новобирилюссы,9844.0
Белогорск,16391.0
Казачинское,3604.0
Убинское,5908.0
Николаевка,53.0
Байкит,3293.0
Николаевская,1602915.0
Дзержинское,231797.0
Чарышское,3097.0
Красный Коммунар,42.0
Юровка,3537.0
Белозерный,4342.0
Гидроторф,76612.0
Чистогорский,4607.0
Красная Горка,10.0
Летник,2665.0
Иргаклы,3965.0
Майкопское,429070.0
Левиха,4601.0
Мартюш,3850.0
Иловка,18.0
Новоильинский,77097.0
Сарс,4931.0
Дмитриевка,965.0
Алексеевск,53678.0
Рудногорск,130068.0
Лосево,200.0
Игарка,4754.0
Северка,3516.0
Ковалевское,3291.0
Углеуральский,9109.0
Горноправдинск,98692.0
Туруханск,4662.0
Инзер,15861.0
Новоукраинский,3617.0
Нижняя Пойма,1264075.0
Нагутское,3026.0
Сява,3859.0
Черноерковская,3416.0
Унъюган,4255.0
Дружба,78385.0
Гремячево,106.0
Мотыгино,5323.0
Нижнетроицкий,68410.0
Чернолесское,78385.0
Кочки,3988.0
Анджиевский,6312.0
Пирогово,78385.0
Прикубанский,357449.0
Упорная,3036.0
Круглолесское,2955.0
Заветный,4854.0
Хатанга,2645.0
Синегорский,5750.0
Совхозный,1031.0
Уфимский,1115560.0
Заводоуспенское,1285.0
Память Парижской Коммуны,3761.0
Савинка,428.0
Отрадо-Ольгинское,98940.0
Мортка,3506.0
Кошурниково,3232.0
Керчевский,25003000.0
Засосна,4213.0
Лебяжье,4346.0
Теплая Гора,2884.0
Восточный,78385.0
Черемухово,10.0
Пашия,3606.0
Левокумка,74758.0
Ломинцевский,2228.0
Азанка,2587.0
Тура,63214.0
Коелга,3993.0
Кубанский,881476.0
Прочноокопская,4676.0
Елизаветинское,24755.0
Кара-Тюбе,2958.0
Юшала,4239.0
Улукулево,4546.0
Сигаево,5775.0
Кардаилово,2396.0
Пычас,3477.0
Расшеватская,5310.0
Новая Чигла,2474.0
